kind,id,fact,gold,covered,current,nba_target
player,1,birth_date,1994/2/2,True,,
player,1,nationality,American,True,,
player,1,college,Southeast Missouri State University,True,,
player,2,birth_date,1959/6/10,True,,
player,2,nationality,American,True,,
player,2,position,Frontcourt,True,,
player,2,draft_pick,24.0,True,,
player,2,draft_year,1981.0,True,,
player,2,college,Michigan State Spartans,False,,
player,3,birth_date,1994/4/25,True,,
player,3,nationality,Serbian,True,,
player,3,position,Backcourt,True,,
player,3,draft_pick,57.0,True,,
player,3,draft_year,2015.0,True,,
player,4,birth_date,1922/9/9,True,,
player,4,nationality,American,True,,
player,4,college,University of Notre Dame,True,,
player,5,birth_date,1964/2/15,True,,
player,5,nationality,American,True,,
player,5,position,Backcourt,True,,
player,5,draft_pick,25.0,True,,
player,5,draft_year,1986.0,True,,
player,5,college,Georgia Tech,True,,
player,5,fiba_world_cup,1.0,True,,
player,6,birth_date,1994/6/6,True,,
player,6,nationality,French,True,,
player,6,position,Backcourt,False,,
player,6,draft_year,2016.0,True,,
player,7,birth_date,1997/8/7,True,,
player,7,nationality,Azerbaijani,True,,
player,7,college,Alabama,True,,
player,8,birth_date,1973/11/25,True,,
player,8,nationality,American,True,,
player,8,college,University of Nebraska,True,,
player,9,birth_date,1943/12/23,True,,
player,9,nationality,American,True,,
player,9,position,Frontcourt,True,,
player,9,draft_pick,10.0,True,,
player,9,draft_year,1967.0,True,,
player,9,college,Texas Western College,True,,
player,10,birth_date,1942/9/7,True,,
player,10,nationality,American,True,,
player,10,position,Frontcourt,True,,
player,10,college,University of Connecticut,True,,
player,11,birth_date,1974/8/3,True,,
player,11,nationality,American,True,,
player,11,position,Frontcourt,True,,
player,11,college,University of Missouri,True,,
player,12,birth_date,1993/3/11,True,,
player,12,nationality,American,True,,
player,12,position,Frontcourt,True,,
player,12,draft_pick,1.0,True,,
player,12,draft_year,2012.0,True,,
player,12,college,Kentucky,True,,
player,12,nba_championships,1.0,True,,
player,12,mvp_awards,1,False,,
player,12,olympic_gold_medals,2.0,True,,
player,12,fiba_world_cup,1.0,True,,
player,13,birth_date,1987/10/5,True,,
player,13,nationality,American,True,,
player,13,draft_pick,8.0,True,,
player,13,draft_year,2007.0,True,,
player,13,college,University of North Carolina at Chapel Hill,True,,
player,14,birth_date,1971/12/3,True,,
player,14,nationality,American-Venezuelan,True,,
player,14,position,Backcourt,True,,
player,14,college,Kansas State University,True,,
player,15,birth_date,1990/8/17,True,,
player,15,nationality,American,True,,
player,15,position,Backcourt,True,,
player,15,draft_pick,33.0,True,,
player,15,draft_year,2013.0,True,,
player,15,college,Arizona State,True,,
player,16,birth_date,1988/6/1,True,,
player,16,nationality,American,True,,
player,16,position,Backcourt,False,,
player,16,college,Pepperdine University,True,,
player,17,birth_date,1950/1/29,True,,
player,17,nationality,American,True,,
player,17,draft_pick,45.0,False,,
player,17,draft_year,1971.0,True,,
player,17,college,Utah State University,True,,
player,18,birth_date,1959/9/19,True,,
player,18,nationality,American,True,,
player,18,draft_pick,11.0,True,,
player,18,draft_year,1981.0,True,,
player,18,college,Pan American University,True,,
player,19,birth_date,1969/4/18,True,,
player,19,nationality,American,True,,
player,19,college,"University of California, Los Angeles",True,,
player,20,birth_date,1930/11/1,True,,
player,20,nationality,American,True,,
player,20,draft_pick,26.0,True,,
player,20,draft_year,1954.0,True,,
player,20,college,Southwest Missouri State University,True,,
player,21,birth_date,1945/9/17,True,,
player,21,nationality,American,True,,
player,21,position,Frontcourt,True,,
player,21,draft_pick,2.0,False,,
player,21,draft_year,1967.0,True,,
player,21,college,University of North Dakota,True,,
player,21,nba_championships,13.0,False,,
player,22,birth_date,1969/10/18,True,,
player,22,nationality,American,True,,
player,22,position,Frontcourt,False,,
player,22,draft_pick,15.0,True,,
player,22,draft_year,1991.0,True,,
player,22,college,Seton Hall University,True,,
player,23,birth_date,1990/7/12,True,,
player,23,nationality,American,True,,
player,23,position,Frontcourt,True,,
player,23,college,UCLA,True,,
player,24,birth_date,1983/10/28,True,,
player,24,nationality,American,True,,
player,24,draft_pick,22.0,True,,
player,24,draft_year,2005.0,True,,
player,24,college,Georgia Tech,True,,
player,25,birth_date,1973/8/22,True,,
player,25,nationality,American,True,,
player,25,college,Thomas More College,True,,
player,26,birth_date,1989/2/4,True,,
player,26,nationality,American,True,,
player,26,draft_pick,50.0,True,,
player,26,draft_year,2011.0,True,,
player,26,college,Temple University,True,,
player,27,birth_date,1926/1/31,True,,
player,27,nationality,American,True,,
player,27,draft_pick,14.0,True,,
player,27,draft_year,1950.0,True,,
player,27,college,Duquesne,True,,
player,28,birth_date,1959/8/14,True,,
player,28,nationality,American,True,,
player,28,position,Backcourt,True,,
player,28,draft_pick,1.0,True,,
player,28,draft_year,1979.0,True,,
player,28,college,Michigan State,True,,
player,28,nba_championships,5.0,True,,
player,28,mvp_awards,3,True,,
player,28,olympic_gold_medals,1.0,True,,
player,29,birth_date,1920/9/19,True,,
player,30,birth_date,1961/4/30,True,,
player,30,nationality,American,True,,
player,30,position,Backcourt,True,,
player,30,draft_pick,2.0,True,,
player,30,draft_year,1981.0,True,,
player,30,college,Indiana Hoosiers,False,,
player,30,nba_championships,2.0,True,,
player,30,mvp_awards,1,False,,
player,31,birth_date,1951/1/1,True,,
player,31,nationality,American,True,,
player,31,draft_pick,2.0,False,,
player,31,draft_year,1974.0,True,,
player,32,birth_date,1995/12/15,True,,
player,32,nationality,Nigerian-American,True,,
player,32,draft_pick,3.0,True,,
player,32,draft_year,2015.0,True,,
player,32,college,Duke,True,,
player,32,nba_championships,1.0,False,,
player,32,fiba_world_cup,1.0,False,,
player,33,birth_date,1959/12/20,True,,
player,33,nationality,American,True,,
player,33,position,Backcourt,True,,
player,33,draft_pick,6.0,True,,
player,33,draft_year,1982.0,True,,
player,33,college,University of Minnesota,True,,
player,33,nba_championships,1.0,True,,
player,34,birth_date,1968/10/14,True,,
player,34,nationality,American,True,,
player,34,position,Frontcourt,True,,
player,34,draft_pick,24.0,True,,
player,34,draft_year,1990.0,True,,
player,34,college,University of Florida,True,,
player,35,birth_date,1975/11/21,True,,
player,35,nationality,American,True,,
player,35,position,Backcourt,True,,
player,35,college,University of Arizona,True,,
player,35,nba_championships,1.0,False,,
player,36,birth_date,1935/9/1,True,,
player,36,nationality,American,True,,
player,36,draft_pick,1.0,False,,
player,36,draft_year,1958.0,True,,
player,36,college,Temple University,True,,
player,37,birth_date,1965/9/12,True,,
player,37,nationality,American,True,,
player,37,position,Backcourt,True,,
player,37,draft_pick,2.0,False,,
player,37,draft_year,1988.0,True,,
player,37,college,University of Florida,True,,
player,37,nba_championships,2.0,True,,
player,38,birth_date,1976/4/25,True,,
player,38,nationality,American,True,,
player,38,position,Frontcourt,True,,
player,38,draft_pick,1.0,True,,
player,38,draft_year,1997.0,True,,
player,38,college,Wake Forest University,True,,
player,38,nba_championships,5.0,True,,
player,38,mvp_awards,2,True,,
player,39,birth_date,1964/5/14,True,,
player,39,nationality,American,True,,
player,39,position,Frontcourt,True,,
player,39,draft_pick,14.0,True,,
player,39,draft_year,1986.0,True,,
player,39,college,St. John's University,True,,
player,40,birth_date,1930/8/29,True,,
player,40,nationality,American,True,,
player,40,position,Frontcourt,True,,
player,40,college,Stanford University,True,,
player,40,olympic_gold_medals,1.0,True,,
player,41,birth_date,1974/1/28,True,,
player,41,nationality,American,True,,
player,41,draft_pick,16.0,True,,
player,41,draft_year,1996.0,True,,
player,41,college,Kentucky,True,,
player,42,birth_date,1937/7/13,True,,
player,42,nationality,American,True,,
player,42,position,Frontcourt,True,,
player,42,draft_pick,13.0,True,,
player,42,draft_year,1959.0,True,,
player,42,college,NYU,True,,
player,43,birth_date,1930/2/17,True,,
player,43,nationality,American,True,,
player,43,position,Frontcourt,True,,
player,43,draft_year,1953.0,True,,
player,44,birth_date,1967/7/3,True,,
player,44,nationality,American,True,,
player,44,position,Frontcourt,True,,
player,44,draft_pick,16.0,True,,
player,44,draft_year,1988.0,True,,
player,44,college,University of Missouri,True,,
player,45,birth_date,1966/8/23,True,,
player,45,nationality,Dutch,True,,
player,45,position,Frontcourt,True,,
player,45,draft_pick,2.0,True,,
player,45,draft_year,1988.0,True,,
player,45,college,Marist College,True,,
player,45,fiba_world_cup,1.0,False,,
player,46,birth_date,2001/8/5,True,,
player,46,nationality,American,True,,
player,46,position,Backcourt,True,,
player,46,draft_pick,1.0,True,,
player,46,draft_year,2020.0,True,,
player,46,college,Georgia,True,,
player,46,olympic_gold_medals,1.0,True,,
player,47,birth_date,1927/4/26,True,,
player,47,nationality,American,True,,
player,47,position,Frontcourt,True,,
player,47,draft_pick,20.0,True,,
player,47,draft_year,1949.0,True,,
player,47,college,Northeast Missouri State Teachers' College,True,,
player,48,birth_date,1931/2/3,True,,
player,48,nationality,American,True,,
player,48,draft_pick,1.0,False,,
player,48,draft_year,1952.0,True,,
player,48,college,New York University,True,,
player,49,birth_date,1949/8/29,True,,
player,49,nationality,American,False,,
player,49,position,Frontcourt,True,,
player,49,draft_pick,8.0,True,,
player,49,draft_year,1971.0,True,,
player,49,college,San Jose State University,True,,
player,49,fiba_world_cup,1.0,False,,
player,50,birth_date,1951/6/2,False,,
player,50,nationality,Canadian,False,,
player,50,position,Frontcourt,False,,
player,51,birth_date,1989/2/7,True,,
player,51,nationality,Greek-American,True,,
player,51,position,Backcourt,True,,
player,51,draft_pick,35.0,False,,
player,51,draft_year,2009.0,True,,
player,51,college,University of Florida,True,,
player,52,birth_date,1952/3/11,True,,
player,52,position,Backcourt,True,,
player,52,draft_pick,169.0,True,,
player,52,draft_year,1974.0,True,,
player,52,college,Seattle University,True,,
player,53,birth_date,1972/10/4,True,,
player,53,nationality,American,True,,
player,53,position,Frontcourt,True,,
player,53,draft_year,1995.0,True,,
player,53,college,Texas Christian University,True,,
player,54,birth_date,1988/9/29,True,,
player,54,nationality,American,True,,
player,54,position,Frontcourt,False,,
player,54,draft_pick,2.0,True,,
player,54,draft_year,2007.0,True,,
player,54,college,University of Texas at Austin,True,,
player,54,nba_championships,2.0,True,,
player,54,mvp_awards,1,True,,
player,54,olympic_gold_medals,4.0,True,,
player,54,fiba_world_cup,1.0,False,,
player,55,birth_date,1971/10/2,True,,
player,55,nationality,American,True,,
player,55,position,Frontcourt,True,,
player,55,college,Xavier University,True,,
player,56,birth_date,1975/4/2,True,,
player,56,nationality,American,True,,
player,56,college,Central Michigan University,True,,
player,56,mvp_awards,1,False,,
player,56,fiba_world_cup,1.0,False,,
player,57,birth_date,1950/6/13,True,,
player,57,nationality,American,True,,
player,57,draft_pick,5.0,True,,
player,57,draft_year,1972.0,True,,
player,57,college,Oregon State University,True,,
player,58,birth_date,1963/12/14,True,,
player,58,nationality,American,True,,
player,58,position,Frontcourt,True,,
player,58,draft_pick,6.0,True,,
player,58,draft_year,1986.0,True,,
player,58,college,Memphis State University,True,,
player,58,nba_championships,1.0,True,,
player,59,birth_date,1969/3/31,True,,
player,59,nationality,American,True,,
player,59,position,Backcourt,True,,
player,59,draft_pick,5.0,True,,
player,59,draft_year,1991.0,True,,
player,59,college,Michigan State,True,,
player,59,nba_championships,1.0,True,,
player,59,olympic_gold_medals,1.0,True,,
player,59,fiba_world_cup,1.0,True,,
player,60,birth_date,1972/2/6,True,,
player,60,nationality,American,True,,
player,60,draft_pick,8.0,True,,
player,60,draft_year,1995.0,True,,
player,60,college,Michigan State,True,,
player,61,birth_date,1966/7/11,True,,
player,61,nationality,American,True,,
player,61,draft_pick,19.0,False,,
player,61,draft_year,1988.0,True,,
player,61,college,DePaul University,True,,
player,62,birth_date,1929/2/3,True,,
player,62,nationality,American,True,,
player,62,draft_pick,35.0,True,,
player,62,draft_year,1951.0,True,,
player,62,college,Bradley University,True,,
player,63,birth_date,1997/7/9,True,,
player,63,nationality,American,True,,
player,63,college,Penn State Nittany Lions,True,,
player,64,birth_date,1988/7/14,True,,
player,64,nationality,American,True,,
player,64,position,Backcourt,False,,
player,64,draft_year,2010.0,False,,
player,64,college,Siena,True,,
player,65,birth_date,1984/2/21,True,,
player,65,nationality,Slovenian,True,,
player,65,position,Frontcourt,True,,
player,65,draft_pick,2.0,False,,
player,65,draft_year,2005.0,True,,
player,65,college,Michigan State University,True,,
player,66,birth_date,1919/3/23,True,,
player,66,nationality,American,True,,
player,66,position,Backcourt,True,,
player,66,college,Loyola University in Chicago,True,,
player,67,birth_date,1998/7/31,True,,
player,67,nationality,American,True,,
player,67,draft_pick,45.0,True,,
player,67,draft_year,2018.0,True,,
player,67,college,University of Kentucky,True,,
player,68,birth_date,1986/8/31,True,,
player,68,nationality,American,True,,
player,68,position,Frontcourt,True,,
player,68,draft_pick,29.0,True,,
player,68,draft_year,2008.0,True,,
player,68,college,Indiana Hoosiers,True,,
player,69,birth_date,1965/9/27,True,,
player,69,nationality,American,True,,
player,69,position,Frontcourt,False,,
player,69,draft_pick,50.0,True,,
player,69,draft_year,1988.0,True,,
player,69,college,University of Arizona,True,,
player,69,nba_championships,9.0,True,,
player,69,olympic_gold_medals,1.0,False,,
player,69,fiba_world_cup,1.0,True,,
player,70,birth_date,1968/10/3,True,,
player,70,nationality,American,True,,
player,70,position,Frontcourt,True,,
player,70,draft_pick,35.0,True,,
player,70,draft_year,1990.0,True,,
player,70,college,UTEP,False,,
player,70,nba_championships,1.0,True,,
player,71,birth_date,1944/8/8,True,,
player,71,nationality,American,True,,
player,71,position,Frontcourt,True,,
player,71,college,University of Southern California,True,,
player,72,birth_date,1981/3/23,True,,
player,72,nationality,American,True,,
player,72,position,Backcourt,True,,
player,72,draft_pick,21.0,True,,
player,72,draft_year,2001.0,True,,
player,72,college,University of North Carolina at Chapel Hill,True,,
player,73,birth_date,1967/4/24,True,,
player,73,nationality,Croatian,True,,
player,73,position,Frontcourt,True,,
player,73,draft_pick,40.0,True,,
player,73,draft_year,1989.0,True,,
player,73,fiba_world_cup,1.0,False,,
player,74,birth_date,1959/7/5,True,,
player,74,nationality,American,True,,
player,74,draft_pick,53.0,True,,
player,74,draft_year,1981.0,True,,
player,74,college,Oregon State University,True,,
player,75,birth_date,1990/7/31,True,,
player,75,nationality,Greek,True,,
player,75,position,Frontcourt,True,,
player,75,draft_pick,48.0,True,,
player,75,draft_year,2012.0,True,,
player,76,birth_date,1959/7/3,True,,
player,76,nationality,American,True,,
player,77,birth_date,2002/7/30,True,,
player,77,nationality,American,True,,
player,77,draft_pick,57.0,True,,
player,77,draft_year,2022.0,True,,
player,77,college,Colorado,True,,
player,78,birth_date,1996/10/8,True,,
player,78,nationality,American,True,,
player,78,college,UNC Wilmington,True,,
player,79,birth_date,1995/10/2,True,,
player,79,nationality,American,True,,
player,79,position,Backcourt,True,,
player,79,college,"UCF Knights, Florida Gulf Coast Eagles",False,,
player,80,birth_date,1933/1/20,True,,
player,80,nationality,American,True,,
player,80,position,Frontcourt,True,,
player,80,draft_pick,1.0,False,,
player,80,draft_year,1954.0,True,,
player,80,college,Notre Dame,True,,
player,81,birth_date,1980/3/20,True,,
player,81,nationality,American,True,,
player,81,draft_pick,8.0,True,,
player,81,draft_year,2000.0,True,,
player,81,college,University of Michigan,True,,
player,82,birth_date,1988/10/23,True,,
player,82,nationality,American,True,,
player,82,draft_pick,27.0,True,,
player,82,draft_year,2010.0,True,,
player,82,college,"Indiana University, Xavier University",False,,
player,83,birth_date,1964/10/30,True,,
player,83,nationality,American,True,,
player,83,draft_pick,44.0,False,,
player,83,draft_year,1987.0,False,,
player,83,college,Marquette,True,,
player,84,birth_date,1951/9/17,True,,
player,84,nationality,American,True,,
player,84,position,Frontcourt,True,,
player,84,draft_pick,5.0,True,,
player,84,draft_year,1973.0,True,,
player,84,college,American University,True,,
player,85,birth_date,1973/5/18,True,,
player,85,nationality,American,True,,
player,85,draft_pick,4.0,True,,
player,85,draft_year,1994.0,True,,
player,85,college,University of Connecticut,True,,
player,86,birth_date,1930/1/14,False,,
player,86,nationality,American,False,,
player,86,position,Frontcourt,False,,
player,86,draft_pick,8.0,False,,
player,86,draft_year,1952.0,False,,
player,86,college,University of Minnesota,False,,
player,87,birth_date,1947/3/7,True,,
player,87,nationality,American,False,,
player,87,position,Frontcourt,True,,
player,87,draft_pick,8.0,False,,
player,87,draft_year,1970.0,True,,
player,87,college,Cheyney University of Pennsylvania,True,,
player,88,birth_date,1953/10/31,True,,
player,88,nationality,American,True,,
player,88,position,Frontcourt,False,,
player,88,draft_pick,1.0,True,,
player,88,draft_year,1976.0,True,,
player,88,college,University of Maryland,True,,
player,89,birth_date,1929/11/16,True,,
player,89,nationality,American,True,,
player,89,draft_year,1952.0,True,,
player,89,college,"Long Island, John Marshall College",False,,
player,90,birth_date,1945/11/18,True,,
player,90,nationality,American,True,,
player,90,draft_pick,10.0,False,,
player,90,draft_year,1968.0,True,,
player,91,birth_date,1925/3/5,True,,
player,91,nationality,American,True,,
player,91,position,Backcourt,True,,
player,91,draft_pick,1.0,False,,
player,91,draft_year,1949.0,False,,
player,91,college,Loyola University New Orleans,False,,
player,92,birth_date,1991/10/10,True,,
player,92,nationality,American,True,,
player,92,draft_pick,11.0,True,,
player,92,draft_year,2013.0,True,,
player,92,college,Syracuse Orange,True,,
player,93,birth_date,1993/9/15,True,,
player,93,nationality,German,True,,
player,93,draft_pick,17.0,True,,
player,93,draft_year,2013.0,True,,
player,93,fiba_world_cup,1.0,True,,
player,94,birth_date,1936/3/13,True,,
player,94,nationality,American,True,,
player,94,draft_pick,10.0,False,,
player,94,draft_year,1958.0,True,,
player,94,college,Kansas State University,True,,
player,95,birth_date,1958/7/26,True,,
player,95,nationality,American,True,,
player,95,position,Frontcourt,True,,
player,95,draft_pick,21.0,True,,
player,95,draft_year,1980.0,True,,
player,95,college,Tennessee State University,True,,
player,96,birth_date,1966/2/7,True,,
player,96,nationality,American-Spanish,True,,
player,97,birth_date,1925/10/8,True,,
player,97,nationality,American,True,,
player,97,position,Backcourt,False,,
player,97,college,New York University,True,,
player,98,birth_date,2000/2/22,True,,
player,98,nationality,American,True,,
player,98,draft_pick,57.0,True,,
player,98,draft_year,2023.0,True,,
player,98,college,Indiana Hoosiers,True,,
player,99,birth_date,1993/8/10,True,,
player,99,nationality,American,True,,
player,99,position,Frontcourt,True,,
player,99,draft_pick,9.0,True,,
player,99,draft_year,2012.0,True,,
player,99,college,University of Connecticut,True,,
player,99,fiba_world_cup,1.0,True,,
player,100,birth_date,1992/12/17,True,,
player,100,nationality,Bahamian,True,,
player,100,draft_pick,6.0,True,,
player,100,draft_year,2016.0,True,,
player,100,college,Oklahoma Sooners,True,,
player,101,birth_date,1996/2/23,True,,
player,101,nationality,American,True,,
player,101,position,Backcourt,True,,
player,101,draft_pick,2.0,True,,
player,101,draft_year,2015.0,True,,
player,101,college,Ohio State,True,,
player,102,birth_date,1994/3/16,True,,
player,102,nationality,Cameroonian-American,True,,
player,102,draft_pick,3.0,True,,
player,102,draft_year,2014.0,True,,
player,102,college,University of Kansas,True,,
player,102,mvp_awards,1,True,,
player,102,olympic_gold_medals,1.0,True,,
player,103,birth_date,1990/5/2,True,,
player,103,nationality,American,True,,
player,103,draft_pick,10.0,True,,
player,103,draft_year,2010.0,True,,
player,103,college,Fresno State,True,,
player,103,olympic_gold_medals,1.0,True,,
player,104,birth_date,1992/3/23,True,,
player,104,nationality,American,True,,
player,104,draft_pick,1.0,True,,
player,104,draft_year,2011.0,True,,
player,104,college,Duke University,True,,
player,104,nba_championships,1.0,True,,
player,104,olympic_gold_medals,1.0,True,,
player,104,fiba_world_cup,1.0,True,,
player,105,birth_date,1998/3/3,True,,
player,105,nationality,American,True,,
player,105,draft_pick,3.0,True,,
player,105,draft_year,2017.0,True,,
player,105,college,Duke University,True,,
player,105,nba_championships,1.0,True,,
player,105,mvp_awards,1,False,,
player,105,olympic_gold_medals,2.0,True,,
player,106,birth_date,1995/9/28,True,,
player,106,nationality,American,True,,
player,106,position,Frontcourt,True,,
player,106,draft_year,2019.0,False,,
player,106,college,"NC State Wolfpack, Nevada Wolf Pack",False,,
player,107,birth_date,1995/2/23,True,,
player,107,nationality,Canadian,True,,
player,107,draft_pick,1.0,True,,
player,107,draft_year,2014.0,True,,
player,107,college,Kansas Jayhawks,True,,
player,107,nba_championships,1.0,True,,
player,108,birth_date,2001/2/26,True,,
player,108,nationality,American,True,,
player,108,college,Rice Owls,True,,
player,109,birth_date,1997/7/17,True,,
player,109,nationality,British,True,,
player,109,draft_pick,23.0,True,,
player,109,draft_year,2017.0,True,,
player,109,college,Indiana University,True,,
player,109,nba_championships,1.0,True,,
player,110,birth_date,1996/10/24,True,,
player,110,nationality,American,True,,
player,110,position,Backcourt,False,,
player,110,draft_pick,3.0,True,,
player,110,draft_year,2016.0,True,,
player,110,college,"University of California, Berkeley",True,,
player,110,nba_championships,1.0,True,,
player,110,mvp_awards,1,False,,
player,111,birth_date,2004/1/4,True,,
player,111,nationality,French,True,,
player,111,position,Frontcourt,False,,
player,111,draft_pick,1.0,True,,
player,111,draft_year,2023.0,True,,
player,112,birth_date,1990/6/12,True,,
player,112,nationality,American,True,,
player,112,draft_pick,17.0,True,,
player,112,draft_year,2009.0,True,,
player,112,college,UCLA,True,,
player,112,nba_championships,2.0,True,,
player,112,mvp_awards,1,False,,
player,112,olympic_gold_medals,2.0,True,,
player,113,birth_date,1998/5/29,True,,
player,113,nationality,American,True,,
player,113,draft_year,2021.0,True,,
player,113,college,"Wichita State Shockers, Oklahoma Sooners",False,,
player,113,fiba_world_cup,1.0,False,,
player,114,birth_date,1988/9/7,True,,
player,114,nationality,American,True,,
player,114,draft_pick,5.0,True,,
player,114,draft_year,2008.0,True,,
player,114,college,UCLA,True,,
player,114,nba_championships,1.0,True,,
player,114,olympic_gold_medals,1.0,True,,
player,114,fiba_world_cup,1.0,True,,
player,115,birth_date,1994/12/6,True,,
player,115,nationality,Greek and Nigerian,True,,
player,115,position,Frontcourt,True,,
player,115,draft_pick,15.0,True,,
player,115,draft_year,2013.0,True,,
player,115,nba_championships,1.0,True,,
player,115,mvp_awards,2,True,,
player,116,birth_date,1988/3/14,True,,
player,116,nationality,American,True,,
player,116,position,Backcourt,True,,
player,116,draft_pick,7.0,True,,
player,116,draft_year,2009.0,True,,
player,116,college,Davidson,True,,
player,116,nba_championships,4.0,True,,
player,116,mvp_awards,2,True,,
player,116,olympic_gold_medals,1.0,True,,
player,116,fiba_world_cup,2.0,True,,
player,117,birth_date,1986/6/3,True,,
player,117,nationality,Dominican,True,,
player,117,position,Frontcourt,True,,
player,117,draft_pick,3.0,True,,
player,117,draft_year,2007.0,True,,
player,117,college,University of Florida,True,,
player,117,nba_championships,1.0,True,,
player,118,birth_date,2000/1/20,True,,
player,118,nationality,American,True,,
player,118,position,Backcourt,True,,
player,118,draft_pick,13.0,True,,
player,118,draft_year,2019.0,True,,
player,118,college,University of Kentucky,True,,
player,119,birth_date,1994/4/22,True,,
player,119,nationality,American,True,,
player,119,college,"Williams College, University of Michigan",False,,
player,120,birth_date,1993/9/20,True,,
player,120,nationality,American-Chinese,True,,
player,120,draft_pick,30.0,True,,
player,120,draft_year,2014.0,True,,
player,120,college,UCLA,True,,
player,121,birth_date,2001/9/25,True,,
player,121,nationality,American,True,,
player,121,draft_pick,1.0,True,,
player,121,draft_year,2021.0,True,,
player,121,college,Oklahoma State,True,,
player,121,fiba_world_cup,1.0,False,,
player,122,birth_date,1984/12/30,True,,
player,122,nationality,American,True,,
player,122,draft_pick,1.0,True,,
player,122,draft_year,2003.0,True,,
player,122,nba_championships,4.0,True,,
player,122,mvp_awards,4,True,,
player,122,olympic_gold_medals,3.0,True,,
player,123,birth_date,1989/9/14,True,,
player,123,nationality,American,True,,
player,123,draft_pick,30.0,True,,
player,123,draft_year,2011.0,True,,
player,123,college,Marquette University,True,,
player,123,olympic_gold_medals,1.0,True,,
player,124,birth_date,1996/2/6,True,,
player,124,nationality,American,True,,
player,124,position,Frontcourt,True,,
player,124,draft_pick,30.0,True,,
player,124,draft_year,2015.0,True,,
player,124,college,UCLA,True,,
player,124,nba_championships,3.0,True,,
player,125,birth_date,1995/3/10,True,,
player,125,nationality,American,True,,
player,125,draft_pick,13.0,True,,
player,125,draft_year,2014.0,True,,
player,125,college,UCLA,True,,
player,125,olympic_gold_medals,1.0,True,,
player,126,birth_date,2002/2/13,True,,
player,126,nationality,American,True,,
player,126,draft_pick,5.0,True,,
player,126,draft_year,2022.0,True,,
player,126,college,Purdue,True,,
player,126,fiba_world_cup,1.0,False,,
player,127,birth_date,1986/3/25,True,,
player,127,nationality,American,True,,
player,127,position,Backcourt,True,,
player,127,draft_pick,24.0,True,,
player,127,draft_year,2006.0,True,,
player,127,college,Villanova Wildcats,True,,
player,127,nba_championships,1.0,True,,
player,127,olympic_gold_medals,1.0,True,,
player,128,birth_date,1963/2/17,True,,
player,128,nationality,American,True,,
player,128,position,Backcourt,False,,
player,128,draft_pick,3.0,True,,
player,128,draft_year,1984.0,True,,
player,128,college,University of North Carolina,True,,
player,128,nba_championships,6.0,True,,
player,128,mvp_awards,5,True,,
player,128,olympic_gold_medals,2.0,True,,
player,129,birth_date,1996/10/30,True,,
player,129,nationality,American,True,,
player,129,position,Backcourt,True,,
player,129,draft_pick,13.0,True,,
player,129,draft_year,2015.0,True,,
player,129,college,Kentucky Wildcats,True,,
player,129,olympic_gold_medals,2.0,True,,
player,130,birth_date,1990/3/4,True,,
player,130,nationality,American,True,,
player,130,position,Frontcourt,True,,
player,130,draft_pick,35.0,True,,
player,130,draft_year,2012.0,True,,
player,130,college,Michigan State University,False,,
player,130,nba_championships,4.0,True,,
player,130,olympic_gold_medals,2.0,True,,
player,131,birth_date,1997/11/19,True,,
player,131,nationality,American,True,,
player,131,draft_pick,10.0,True,,
player,131,draft_year,2017.0,True,,
player,131,college,Gonzaga Bulldogs,True,,
player,132,birth_date,2002/10/6,True,,
player,132,nationality,Congolese,True,,
player,132,position,Frontcourt,True,,
player,132,draft_pick,7.0,True,,
player,132,draft_year,2021.0,True,,
player,132,nba_championships,1.0,True,,
player,133,birth_date,1997/10/27,True,,
player,133,nationality,American,True,,
player,133,position,Backcourt,True,,
player,133,draft_pick,2.0,True,,
player,133,draft_year,2017.0,True,,
player,133,college,UCLA,True,,
player,134,birth_date,2001/2/18,True,,
player,134,nationality,Mexican-American,True,,
player,134,draft_pick,18.0,True,,
player,134,draft_year,2023.0,True,,
player,134,college,UCLA,False,,
player,135,birth_date,2003/1/30,True,,
player,135,nationality,American,True,,
player,135,draft_pick,5.0,True,,
player,135,draft_year,2023.0,True,,
player,136,birth_date,1996/8/31,True,,
player,136,nationality,American,True,,
player,136,draft_pick,33.0,True,,
player,136,draft_year,2018.0,True,,
player,136,college,Villanova University,True,,
player,137,birth_date,1972/3/6,True,,
player,137,nationality,American,True,,
player,137,position,Frontcourt,True,,
player,137,draft_pick,1.0,True,,
player,137,draft_year,1992.0,True,,
player,137,college,Louisiana State University (LSU),True,,
player,137,nba_championships,4.0,True,,
player,137,mvp_awards,1,True,,
player,137,olympic_gold_medals,1.0,True,,
player,137,fiba_world_cup,1.0,False,,
player,138,birth_date,1978/8/23,True,,
player,138,nationality,American,True,,
player,138,position,Backcourt,True,,
player,138,draft_pick,13.0,True,,
player,138,draft_year,1996.0,True,,
player,138,nba_championships,5.0,True,,
player,138,mvp_awards,1,True,,
player,138,olympic_gold_medals,2.0,True,,
player,139,birth_date,1985/5/6,True,,
player,139,nationality,American,True,,
player,139,position,Backcourt,True,,
player,139,draft_pick,4.0,True,,
player,139,draft_year,2005.0,True,,
player,139,college,Wake Forest University,True,,
player,139,mvp_awards,1,False,,
player,139,olympic_gold_medals,2.0,True,,
player,140,birth_date,1992/5/30,True,,
player,140,nationality,American,True,,
player,140,draft_pick,7.0,True,,
player,140,draft_year,2012.0,True,,
player,140,college,North Carolina Tar Heels,True,,
player,140,nba_championships,1.0,True,,
player,140,olympic_gold_medals,1.0,True,,
player,141,birth_date,1997/7/18,True,,
player,141,nationality,American,True,,
player,141,draft_pick,14.0,True,,
player,141,draft_year,2017.0,True,,
player,141,college,University of Kentucky,True,,
player,141,olympic_gold_medals,2.0,True,,
team,1,founded_year,1946,True,,
team,1,championships,1,True,,
team,2,founded_year,1946,True,,
team,2,championships,18,True,,
team,3,founded_year,1967,True,,
team,4,founded_year,1988,True,,
team,5,founded_year,1966,True,,
team,5,championships,6,True,,
team,6,founded_year,1970,False,,
team,6,championships,1,True,,
team,7,founded_year,1980,True,,
team,7,championships,1,True,,
team,8,founded_year,1967,True,,
team,8,championships,1,True,,
team,9,founded_year,1937,True,,
team,9,championships,3,True,,
team,10,founded_year,1946,True,,
team,10,championships,7,True,,
team,11,founded_year,1967,True,,
team,11,championships,2,True,,
team,12,founded_year,1967,True,,
team,12,championships,3,False,,
team,13,founded_year,1970,True,,
team,14,founded_year,1946,True,,
team,14,championships,17,True,,
team,15,founded_year,1995,True,,
team,16,founded_year,1988,True,,
team,16,championships,3,True,,
team,17,founded_year,1968,True,,
team,17,championships,2,True,,
team,18,founded_year,1989,True,,
team,19,founded_year,2002,True,,
team,20,founded_year,1946,True,,
team,20,championships,2,True,,
team,21,founded_year,1967,True,,
team,22,founded_year,1989,True,,
team,23,founded_year,1946,True,,
team,23,championships,3,True,,
team,24,founded_year,1968,True,,
team,25,founded_year,1970,True,,
team,25,championships,1,True,,
team,26,founded_year,1923,True,,
team,26,championships,1,True,,
team,27,founded_year,1967,False,,
team,27,championships,5,True,,
team,28,founded_year,1995,True,,
team,28,championships,1,True,,
team,29,founded_year,1974,True,,
team,30,founded_year,1961,True,,
team,30,championships,1,True,,
city,1,state_name,Colorado,True,,
city,1,population,715522,True,,
city,1,area,400.739,False,,
city,2,state_name,Massachusetts,True,,
city,2,population,675647,False,,
city,2,area,125.0,True,,
city,3,state_name,Indiana,True,,
city,3,population,887642,True,,
city,3,area,953.0,True,,
city,4,state_name,Texas,True,,
city,4,population,1304379,True,,
city,4,area,999.3,True,,
city,5,state_name,Texas,True,,
city,5,population,1434625,True,,
city,5,area,1205.4,True,,
city,6,state_name,California,True,,
city,6,population,"3,820,914",True,,
city,6,area,1210.0,False,,
city,7,state_name,Minnesota,True,,
city,7,population,429954,True,,
city,7,area,152.8,True,,
city,8,state_name,Florida,True,,
city,8,population,442241,True,,
city,9,state_name,California,True,,
city,9,population,"107,762",True,,
city,9,area,24.0,False,,
city,10,state_name,Oregon,True,,
city,10,population,"652,503",True,,
city,10,area,375.78,True,,
city,11,state_name,California,True,,
city,11,population,808988,True,,
city,11,area,121.0,True,,
city,12,state_name,Pennsylvania,True,,
city,12,population,1603797,True,,
city,13,state_name,Louisiana,True,,
city,13,population,"383,997",True,,
city,14,state_name,Illinois,True,,
city,14,population,2746388,True,,
city,15,state_name,Florida,True,,
city,15,population,307573,True,,
city,16,state_name,Utah,True,,
city,16,population,200133,True,,
city,16,area,286.0,True,,
city,17,state_name,Ontario,True,,
city,17,population,2794356,True,,
city,17,area,630.2,True,,
city,18,state_name,Arizona,True,,
city,18,population,1662607,True,,
city,18,area,1341.0,True,,
city,19,population,"689,545",False,,
city,19,area,177.0,False,,
city,20,state_name,Ohio,True,,
city,20,population,"372,624",True,,
city,20,area,213.6,True,,
city,21,state_name,Texas,True,,
city,21,population,2314157,True,,
city,21,area,1651.0,False,,
city,22,state_name,California,True,,
city,22,population,524943,True,,
city,22,area,259.0,True,,
city,23,state_name,Michigan,True,,
city,23,population,"639,111",True,,
city,23,area,370.03,True,,
city,24,state_name,Tennessee,True,,
city,24,population,633104,True,,
city,25,state_name,North Carolina,True,,
city,25,population,874579,True,,
city,25,area,808.1,True,,
city,26,state_name,New York,True,,
city,26,population,8258035,True,,
city,26,area,778.2,False,,
city,27,state_name,Oklahoma,True,,
city,27,population,681054,True,,
city,27,area,1606.7,True,,
city,28,state_name,Wisconsin,True,,
city,28,population,"577,222",True,,
city,28,area,250.71,True,,
city,29,state_name,Georgia,True,,
city,29,population,"510,823",False,,
city,29,area,347.1,True,,
owner,1,nationality,American,True,,
owner,1,own_year,2011.0,True,,
owner,2,nationality,American,True,,
owner,2,own_year,2005.0,True,,
owner,3,nationality,American,True,,
owner,3,own_year,2014.0,True,,
owner,4,nationality,American,True,,
owner,4,own_year,1991.0,False,,
owner,5,nationality,American,True,,
owner,5,own_year,2000.0,True,,
owner,6,nationality,American,True,,
owner,6,own_year,2017.0,True,,
owner,7,nationality,Taiwanese-Canadian,True,,
owner,7,own_year,2019.0,True,,
owner,8,nationality,American,False,,
owner,8,own_year,2006.0,True,,
owner,9,nationality,American,True,,
owner,9,own_year,1983.0,True,,
owner,10,nationality,American,True,,
owner,10,own_year,1985.0,True,,
owner,11,nationality,American,True,,
owner,11,own_year,2018.0,True,,
owner,12,nationality,American,True,,
owner,13,nationality,American,True,,
owner,13,own_year,2011.0,True,,
owner,14,nationality,American,True,,
owner,15,nationality,Israeli-American,True,,
owner,15,own_year,1995.0,True,,
owner,16,nationality,American,True,,
owner,16,own_year,2010.0,True,,
player,1,plays_for,Lokomotiv Kuban,False,False,False
player,2,plays_for,Los Angeles Lakers,True,True,True
player,3,plays_for,Cedevita Olimpija,False,False,False
player,4,plays_for,Rochester Royals,True,True,False
player,5,plays_for,Orlando Magic,True,True,True
player,6,plays_for,Bursaspor Basketbol,False,False,False
player,7,plays_for,Saski Baskonia,False,False,False
player,8,plays_for,Milwaukee Bucks,True,True,True
player,9,plays_for,New Orleans Jazz,False,False,False
player,10,plays_for,New Orleans Jazz,True,True,False
player,11,plays_for,Sacramento Kings,True,True,True
player,12,plays_for,Los Angeles Lakers,True,True,True
player,13,plays_for,Houston Rockets,True,True,True
player,14,plays_for,Guaros de Lara,False,False,False
player,15,plays_for,Melbourne United,False,False,False
player,16,plays_for,Santa Cruz Warriors,False,False,False
player,18,plays_for,New York Knicks,True,True,True
player,19,plays_for,Grand Rapids Hoops,False,False,False
player,20,plays_for,New York Knicks,True,True,True
player,21,plays_for,Los Angeles Lakers,True,True,True
player,22,plays_for,PAOK Thessaloniki,False,False,False
player,23,plays_for,Philadelphia 76ers,True,True,True
player,24,plays_for,Detroit Pistons,False,False,True
player,25,plays_for,HTV Basket,False,False,False
player,26,plays_for,Philadelphia 76ers,True,True,True
player,27,plays_for,Philadelphia Warriors,True,True,False
player,28,plays_for,Los Angeles Lakers,True,True,True
player,29,plays_for,Boston Celtics,True,True,True
player,30,plays_for,Detroit Pistons,True,True,True
player,31,plays_for,Portland Trail Blazers,True,True,True
player,32,plays_for,Capitanes de Arecibo,False,False,False
player,33,plays_for,Chicago Bulls,True,True,True
player,34,plays_for,Brevard Blue Ducks,False,False,False
player,35,plays_for,Phoenix Suns,False,False,True
player,36,plays_for,Milwaukee Bucks,True,True,True
player,37,plays_for,Dallas Mavericks,False,False,True
player,38,plays_for,San Antonio Spurs,True,True,True
player,39,plays_for,Panteras de Miranda,False,False,False
player,40,plays_for,Philadelphia Warriors,True,True,False
player,41,plays_for,New Mexico State,False,False,False
player,42,plays_for,New York Knicks,True,False,True
player,43,plays_for,Milwaukee Hawks,True,True,False
player,44,plays_for,Cleveland Cavaliers,True,True,True
player,45,plays_for,Indiana Pacers,True,True,True
player,46,plays_for,Minnesota Timberwolves,True,True,True
player,47,plays_for,Detroit Pistons,True,True,True
player,48,plays_for,Milwaukee Hawks,True,True,False
player,49,plays_for,Golden State Warriors,True,True,True
player,50,plays_for,New York Knicks,False,False,True
player,51,plays_for,AS Monaco,False,False,False
player,52,plays_for,Seattle SuperSonics,True,True,False
player,53,plays_for,New York Knicks,True,True,True
player,54,plays_for,Phoenix Suns,True,True,True
player,55,plays_for,Los Angeles Clippers,True,True,True
player,56,plays_for,Toronto Raptors,True,True,True
player,57,plays_for,New Orleans Jazz,False,False,False
player,58,plays_for,Grand Rapids Hoops,False,False,False
player,59,plays_for,Charlotte Bobcats,True,True,False
player,61,plays_for,Houston Rockets,True,True,True
player,62,plays_for,Milwaukee Hawks,True,True,False
player,63,plays_for,Memphis Grizzlies,True,True,True
player,64,plays_for,Debreceni EAC,False,False,False
player,65,plays_for,Petrol Olimpija,False,False,False
player,66,plays_for,Chicago Stags,True,True,False
player,67,plays_for,Capital City Go-Go,False,False,False
player,68,plays_for,Piratas de Quebradillas,False,False,False
player,69,plays_for,Golden State Warriors,False,False,True
player,70,plays_for,Indiana Pacers,False,False,True
player,71,plays_for,Los Angeles Lakers,False,False,True
player,72,plays_for,Maccabi Tel Aviv,False,False,False
player,73,plays_for,Košarkaški klub Split,False,False,False
player,74,plays_for,Seattle SuperSonics,True,True,False
player,75,plays_for,Olympiacos,False,False,False
player,76,plays_for,Washington Bullets,True,True,False
player,77,plays_for,Portland Trail Blazers,True,True,True
player,78,plays_for,Virtus Bologna,False,False,False
player,79,plays_for,Gigantes de Carolina,False,False,False
player,80,plays_for,Fort Wayne Pistons,True,True,False
player,81,plays_for,Brooklyn Nets,True,True,True
player,82,plays_for,Sichuan Blue Whales,False,False,False
player,83,plays_for,Libertas Livorno,False,False,False
player,84,plays_for,Golden State Warriors,True,True,True
player,85,plays_for,Greensboro Swarm,False,False,False
player,86,plays_for,Philadelphia Eagles,False,False,False
player,87,plays_for,New York Knicks,True,True,True
player,88,plays_for,Houston Rockets,True,False,True
player,89,plays_for,Milwaukee Hawks,False,False,False
player,90,plays_for,Boston Celtics,False,False,True
player,91,plays_for,Syracuse Nationals,True,True,False
player,92,plays_for,Mexico City Capitanes,False,False,False
player,93,plays_for,Brooklyn Nets,True,True,True
player,94,plays_for,Cincinnati Royals,True,True,False
player,95,plays_for,Dallas Mavericks,False,False,True
player,96,plays_for,Utah Jazz,True,True,True
player,97,plays_for,Baltimore Bullets,True,True,False
player,98,plays_for,Golden State Warriors,True,True,True
player,99,plays_for,Philadelphia 76ers,True,True,True
player,100,plays_for,Golden State Warriors,True,True,True
player,101,plays_for,Los Angeles Lakers,True,True,True
player,102,plays_for,Philadelphia 76ers,True,True,True
player,103,plays_for,Philadelphia 76ers,True,True,True
player,104,plays_for,Dallas Mavericks,True,True,True
player,105,plays_for,Boston Celtics,True,True,True
player,106,plays_for,Philadelphia 76ers,True,True,True
player,107,plays_for,Golden State Warriors,True,True,True
player,108,plays_for,Philadelphia 76ers,True,True,True
player,109,plays_for,New York Knicks,True,True,True
player,110,plays_for,Boston Celtics,True,True,True
player,111,plays_for,San Antonio Spurs,True,True,True
player,112,plays_for,Boston Celtics,True,True,True
player,113,plays_for,Los Angeles Lakers,True,True,True
player,114,plays_for,Miami Heat,True,True,True
player,115,plays_for,Milwaukee Bucks,True,True,True
player,116,plays_for,Golden State Warriors,True,True,True
player,117,plays_for,Boston Celtics,True,True,True
player,118,plays_for,Miami Heat,True,True,True
player,119,plays_for,Miami Heat,True,True,True
player,120,plays_for,Golden State Warriors,True,True,True
player,121,plays_for,Detroit Pistons,True,True,True
player,122,plays_for,Los Angeles Lakers,True,True,True
player,123,plays_for,Miami Heat,True,True,True
player,124,plays_for,Golden State Warriors,True,True,True
player,125,plays_for,Chicago Bulls,True,True,True
player,126,plays_for,Detroit Pistons,True,True,True
player,127,plays_for,Philadelphia 76ers,True,True,True
player,128,plays_for,Washington Wizards,True,True,True
player,129,plays_for,Phoenix Suns,True,True,True
player,130,plays_for,Golden State Warriors,True,True,True
player,131,plays_for,San Antonio Spurs,True,True,True
player,132,plays_for,Golden State Warriors,True,True,True
player,133,plays_for,Chicago Bulls,True,True,True
player,134,plays_for,Miami Heat,True,True,True
player,135,plays_for,Detroit Pistons,True,True,True
player,136,plays_for,New York Knicks,True,True,True
player,137,plays_for,Boston Celtics,True,True,True
player,138,plays_for,Los Angeles Lakers,True,True,True
player,139,plays_for,San Antonio Spurs,True,True,True
player,140,plays_for,San Antonio Spurs,True,True,True
player,141,plays_for,Miami Heat,True,True,True
team,1,located_in,Atlanta,True,,True
team,1,owned_by,Atlanta Spirit LLC,True,,False
team,2,located_in,Boston,True,,True
team,2,owned_by,William Chisholm,False,,False
team,3,located_in,Brooklyn,True,,False
team,3,owned_by,Joseph Tsai,True,,True
team,4,located_in,Charlotte,True,,True
team,4,owned_by,Gabe Plotkin and Rick Schnall,True,,False
team,5,located_in,Chicago,True,,True
team,5,owned_by,Jerry Reinsdorf,True,,True
team,6,located_in,Cleveland,True,,True
team,6,owned_by,Dan Gilbert,True,,True
team,7,located_in,Dallas,True,,True
team,7,owned_by,Miriam Adelson,True,,False
team,7,owned_by,Patrick Dumont,True,,False
team,7,owned_by,Mark Cuban,True,,True
team,8,located_in,Denver,True,,True
team,8,owned_by,Stan Kroenke,True,,True
team,9,located_in,Detroit,True,,True
team,9,owned_by,Tom Gores,True,,True
team,10,located_in,San Francisco,True,,True
team,10,owned_by,Peter Guber of Mandalay Entertainment,False,,False
team,10,owned_by,Joe Lacob,True,,True
team,11,located_in,Houston,True,,True
team,11,owned_by,Tilman Fertitta,True,,True
team,12,located_in,Indianapolis,True,,True
team,12,owned_by,Herb Simon,True,,True
team,12,owned_by,Jim Morris,False,,False
team,13,located_in,Los Angeles,True,,True
team,13,owned_by,Steve Ballmer,True,,True
team,14,located_in,Los Angeles,True,,True
team,14,owned_by,Jerry Buss,True,,False
team,15,located_in,Memphis,True,,True
team,15,owned_by,Robert J. Pera,True,,False
team,16,located_in,Miami,True,,True
team,16,owned_by,Micky Arison,True,,True
team,17,located_in,Milwaukee,True,,True
team,17,owned_by,Wes Edens and Marc Lasry,True,,False
team,18,located_in,Minneapolis,True,,True
team,18,owned_by,Glen Taylor,True,,False
team,19,located_in,New Orleans,True,,True
team,19,owned_by,Gayle Benson,True,,True
team,20,located_in,New York City,True,,True
team,20,owned_by,James L. Dolan,False,,True
team,21,located_in,Oklahoma City,True,,True
team,21,owned_by,Professional Basketball Club LLC,True,,False
team,22,located_in,Orlando,True,,True
team,22,owned_by,Bob Vander Weide,True,,False
team,23,located_in,Philadelphia,True,,True
team,23,owned_by,Harris Blitzer Sports & Entertainment (HBSE),True,,False
team,24,located_in,Phoenix,True,,True
team,24,owned_by,Mat Ishbia,True,,False
team,24,owned_by,Justin Ishbia,False,,False
team,25,located_in,Portland,True,,True
team,25,owned_by,Paul Allen,True,,False
team,26,located_in,Sacramento,True,,True
team,26,owned_by,Vivek Ranadivé,True,,False
team,27,located_in,San Antonio,True,,True
team,27,owned_by,Peter M. Holt,True,,False
team,28,located_in,Toronto,True,,True
team,28,owned_by,Maple Leaf Sports & Entertainment,False,,False
team,29,located_in,Salt Lake City,True,,True
team,29,owned_by,Ryan Smith,True,,False
team,30,located_in,"Washington, D.C.",True,,True
team,30,owned_by,Ted Leonsis,True,,False
owner,1,owns,Detroit Pistons,True,,True
owner,2,owns,Cleveland Cavaliers,True,,True
owner,3,owns,Los Angeles Clippers,True,,True
owner,4,owns,Orlando Magic,False,,True
owner,5,owns,Dallas Mavericks,True,,True
owner,6,owns,Houston Rockets,True,,True
owner,7,owns,Brooklyn Nets,True,,True
owner,8,owns,Oklahoma City Thunder,True,,True
owner,9,owns,Indiana Pacers,True,,True
owner,10,owns,Chicago Bulls,True,,True
owner,11,owns,New Orleans Pelicans,True,,True
owner,12,owns,Denver Nuggets,True,,True
owner,13,owns,Philadelphia 76ers,True,,True
owner,14,owns,New York Knicks,False,,True
owner,15,owns,Miami Heat,True,,True
owner,16,owns,Golden State Warriors,True,,True
