kind,id,name,exact,variants,variant_names
player,1,antonius cleveland,1,0,
player,2,jay vincent,1,0,
player,3,nikola radicevic,1,0,
player,4,fran curran,1,0,
player,5,mark price,1,0,
player,6,david michineau,1,0,
player,7,donta hall,1,0,
player,8,erick strickland,1,0,
player,9,dave lattin,1,0,
player,10,toby kimball,1,0,
player,11,derek grimm,1,0,
player,12,anthony davis,1,0,
player,13,brandan wright,1,0,
player,14,askia jones,1,0,
player,15,carrick felix,1,0,
player,16,mychel thompson,1,0,
player,17,marv roberts,1,0,
player,18,ken green,1,0,
player,19,gerald madkins,1,0,
player,20,don anielak,1,0,
player,21,phil jackson,1,0,
player,22,anthony avent,1,0,
player,23,drew gordon,1,0,
player,24,jarrett jack,1,0,
player,25,rick hughes,1,0,
player,26,lavoy allen,1,0,
player,27,ed dahler,1,0,
player,28,magic johnson,1,0,
player,29,stan noszka,1,0,
player,30,isiah thomas,1,0,
player,31,dan anderson,1,0,
player,32,jahlil okafor,1,0,
player,33,trent tucker,1,0,
player,34,dwayne schintzius,1,0,
player,35,miles simon,1,0,
player,36,guy rodgers,1,0,
player,37,vernon maxwell,1,0,
player,38,tim duncan,1,0,
player,39,walter berry,1,0,
player,40,jim walsh,1,0,
player,41,tony delk,1,0,
player,42,cal ramsey,1,0,
player,43,gene dyker,1,0,
player,44,derrick chievous,1,0,
player,45,rik smits,1,0,
player,46,anthony edwards,1,0,
player,47,harry gallatin,1,0,
player,48,jim brasco,0,1,James J. Brasco
player,49,darnell hillman,1,0,
player,50,larry robinson,0,0,
player,51,nick calathes,1,0,
player,52,rod derline,1,0,
player,53,kurt thomas,1,0,
player,54,kevin durant,1,0,
player,55,aaron williams,1,0,
player,56,nate huffman,1,0,
player,57,fred boyd,1,0,
player,58,william bedford,1,0,
player,59,steve smith,1,0,
player,60,shawn respert,1,0,
player,61,rod strickland,1,0,
player,62,elmer behnke,1,0,
player,63,lamar stevens,1,0,
player,64,ronald moore,1,0,
player,65,erazem lorbek,1,0,
player,66,mickey rottner,1,0,
player,67,hamidou diallo,1,0,
player,68,d j white,1,0,
player,69,steve kerr,1,0,
player,70,greg foster,1,0,
player,71,bill hewitt,1,0,
player,72,joseph forte,1,1,Joe Forte
player,73,dino ra a,1,0,
player,74,mark radford,1,0,
player,75,kostas papanikolaou,1,0,
player,76,garry witts,1,0,
player,77,jabari walker,1,0,
player,78,devontae cacok,1,0,
player,79,brandon goodwin,1,0,
player,80,dick rosenthal,1,0,
player,81,jamal crawford,1,0,
player,82,jordan crawford,1,0,
player,83,tom copa,1,0,
player,84,kermit washington,1,0,
player,85,donyell marshall,1,0,
player,86,wayne robinson,0,0,
player,87,greg fillmore,1,0,
player,88,john lucas ii,1,0,
player,89,dick surhoff,1,0,
player,90,garfield smith,1,0,
player,91,leroy chollet,1,0,
player,92,michael carter williams,1,0,
player,93,dennis schroder,1,0,
player,94,jack parr,1,0,
player,95,monti davis,1,0,
player,96,eric johnson,1,0,
player,97,sid tanenbaum,1,0,
player,98,trayce jackson davis,1,0,
player,99,andre drummond,1,0,
player,100,buddy hield,1,0,
player,101,d angelo russell,1,0,
player,102,joel embiid,1,0,
player,103,paul george,1,0,
player,104,kyrie irving,1,0,
player,105,jayson tatum,1,0,
player,106,caleb martin,1,0,
player,107,andrew wiggins,1,0,
player,108,max fiedler,1,0,
player,109,og anunoby,1,0,
player,110,jaylen brown,1,0,
player,111,victor wembanyama,1,0,
player,112,jrue holiday,1,0,
player,113,austin reaves,1,0,
player,114,kevin love,1,0,
player,115,giannis antetokounmpo,1,0,
player,116,stephen curry,1,0,
player,117,al horford,1,0,
player,118,tyler herro,1,0,
player,119,duncan robinson,1,0,
player,120,kyle anderson,1,0,
player,121,cade cunningham,1,0,
player,122,lebron james,1,0,
player,123,jimmy butler,1,0,
player,124,kevon looney,1,0,
player,125,zach lavine,1,0,
player,126,jaden ivey,1,0,
player,127,kyle lowry,1,0,
player,128,michael jordan,1,0,
player,129,devin booker,1,0,
player,130,draymond green,1,0,
player,131,zach collins,1,0,
player,132,jonathan kuminga,1,0,
player,133,lonzo ball,1,0,
player,134,jaime jaquez jr,1,0,
player,135,ausar thompson,1,0,
player,136,jalen brunson,1,0,
player,137,shaquille o neal,1,0,
player,138,kobe bryant,1,0,
player,139,chris paul,1,0,
player,140,harrison barnes,1,0,
player,141,bam adebayo,1,0,
team,1,atlanta hawks,1,0,
team,2,boston celtics,1,0,
team,3,brooklyn nets,1,0,
team,4,charlotte hornets,1,0,
team,5,chicago bulls,1,0,
team,6,cleveland cavaliers,1,0,
team,7,dallas mavericks,1,0,
team,8,denver nuggets,1,0,
team,9,detroit pistons,1,0,
team,10,golden state warriors,1,0,
team,11,houston rockets,1,0,
team,12,indiana pacers,1,0,
team,13,los angeles clippers,1,0,
team,14,los angeles lakers,1,0,
team,15,memphis grizzlies,1,0,
team,16,miami heat,1,0,
team,17,milwaukee bucks,1,0,
team,18,minnesota timberwolves,1,0,
team,19,new orleans pelicans,1,0,
team,20,new york knicks,1,0,
team,21,oklahoma city thunder,1,0,
team,22,orlando magic,1,0,
team,23,philadelphia 76ers,1,0,
team,24,phoenix suns,1,0,
team,25,portland trail blazers,1,0,
team,26,sacramento kings,1,0,
team,27,san antonio spurs,1,0,
team,28,toronto raptors,1,0,
team,29,utah jazz,1,0,
team,30,washington wizards,1,0,
city,1,denver,1,0,
city,2,boston,1,0,
city,3,indianapolis,1,0,
city,4,dallas,1,0,
city,5,san antonio,1,0,
city,6,los angeles,1,0,
city,7,minneapolis,1,0,
city,8,miami,1,0,
city,9,inglewood california,1,0,
city,10,portland oregon,1,0,
city,11,san francisco,1,0,
city,12,philadelphia,1,0,
city,13,new orleans,1,0,
city,14,chicago,1,0,
city,15,orlando florida,1,0,
city,16,salt lake city,1,0,
city,17,toronto,1,0,
city,18,phoenix arizona,1,0,
city,19,washington d c,1,0,
city,20,cleveland,1,0,
city,21,houston,1,0,
city,22,sacramento california,1,0,
city,23,detroit,1,0,
city,24,memphis tennessee,1,0,
city,25,charlotte north carolina,1,0,
city,26,new york city,1,0,
city,27,oklahoma city,1,0,
city,28,milwaukee,1,0,
city,29,atlanta,1,0,
owner,1,tom gores,1,0,
owner,2,dan gilbert,1,0,
owner,3,steve ballmer,1,0,
owner,4,dan devos,1,0,
owner,5,mark cuban,1,0,
owner,6,tilman fertitta,2,0,
owner,7,joseph tsai,2,0,
owner,8,clay bennett,1,0,
owner,9,herb simon,2,0,
owner,10,jerry reinsdorf,2,0,
owner,11,gayle benson,2,0,
owner,12,stan kroenke,1,0,
owner,13,josh harris,2,0,
owner,14,james l dolan,1,0,
owner,15,micky arison,1,0,
owner,16,joe lacob,1,0,
