variant,run,calls,input_M,output_M,wall_min,nodes,edges,n_Player,n_Team,n_City,n_Owner,e_PlaysFor,e_LocatedIn,e_Owns,entities,entities_found,entities_split,attr_gold,attr_filled,attr_exact,attr_lenient,attr_wrong,rel_gold,rel_found,current_team_gold,current_team_found,current_team_marked,current_team_marked_right,current_team_field_marked,current_team_field_found,current_team_precision,current_team_field_precision
s0,x6-s0-r1,4000,6.8,2.43,30.1,2374,8877,1955,92,68,259,6292,2214,371,216,206,58,955,809,448,761,48,148,133,90,17,20,17,0,0,85.0,
s0,x6-s0-r2,4021,6.83,2.46,30.1,2395,8944,1975,86,67,267,6196,2334,414,216,205,68,955,817,453,772,45,148,133,90,17,18,17,0,0,94.4,
s0,x6-s0-r3,4012,6.82,2.44,30.4,2344,8936,1945,87,60,252,6218,2319,399,216,205,61,955,806,447,757,49,148,134,90,19,25,19,0,0,76.0,
s1,x6-s1-r1,4354,5.89,1.02,17.6,2236,6792,1812,113,63,248,5887,526,379,216,208,46,955,823,472,800,23,148,137,90,13,18,13,0,0,72.2,
s1,x6-s1-r2,4354,5.88,1.02,16.8,2254,6785,1823,123,65,243,5862,537,386,216,209,49,955,826,467,802,24,148,135,90,12,16,12,0,0,75.0,
s1,x6-s1-r3,4348,5.88,1.02,17.3,2230,6851,1804,126,61,239,5916,542,393,216,208,45,955,825,463,801,24,148,135,90,11,14,11,0,0,78.6,
s2,x6-s2-r1,4432,6.44,1.07,17.8,2132,5868,1768,72,64,228,5211,417,240,216,214,8,955,887,864,866,21,148,138,90,77,139,77,0,0,55.4,
s2,x6-s2-r2,4450,6.46,1.08,,2101,5938,1754,72,62,213,5296,427,215,216,213,9,955,894,867,871,23,148,138,90,76,153,76,0,0,49.7,
s2,x6-s2-r3,4443,6.45,1.08,19.3,2133,5910,1757,95,66,215,5254,427,229,216,213,10,955,879,853,856,23,148,138,90,77,142,77,0,0,54.2,
s3,x6-s3-r1,4439,6.49,1.1,18.2,2131,5135,1765,84,66,216,4498,425,212,216,214,8,955,887,869,869,18,148,136,90,79,171,79,0,0,46.2,
s3,x6-s3-r2,4449,6.51,1.1,,2126,5243,1766,75,62,223,4578,447,218,216,214,7,955,892,871,871,21,148,134,90,77,171,77,0,0,45.0,
s3,x6-s3-r3,4445,6.5,1.1,18.4,2103,5069,1756,82,63,202,4438,422,209,216,214,8,955,888,870,870,18,148,137,90,78,164,78,0,0,47.6,
s4,x6-s4-r1,4444,6.5,1.1,18.0,2137,3390,1768,79,63,227,3187,55,148,216,214,10,955,886,867,867,19,148,136,90,79,166,79,0,0,47.6,
s4,x6-s4-r2,4438,6.5,1.1,,2114,3278,1747,79,65,223,3080,54,144,216,213,7,955,886,864,864,22,148,134,90,77,168,77,0,0,45.8,
s4,x6-s4-r3,4447,6.51,1.1,18.3,2136,3349,1763,84,66,223,3158,52,139,216,213,7,955,885,864,864,21,148,136,90,78,170,78,0,0,45.9,
s5,x6-s5-r1,4445,6.37,1.11,18.2,2152,3284,1765,94,67,226,3101,55,128,216,214,8,955,893,873,873,20,148,137,90,79,136,79,87,78,58.1,89.7
s5,x6-s5-r2,4448,6.37,1.11,,2118,3161,1754,84,64,216,2978,55,128,216,214,7,955,894,873,873,21,148,136,90,78,134,78,84,77,58.2,91.7
s5,x6-s5-r3,4447,6.37,1.11,18.4,2131,3191,1762,76,67,226,3005,57,129,216,214,9,955,888,866,866,22,148,136,90,78,134,78,86,77,58.2,89.5
Neo4j-GraphRAG,neo4j-graphrag-full,2044,6.08,1.37,27.3,2790,4784,2184,165,84,357,4303,135,346,216,211,40,955,838,589,817,21,148,141,90,45,68,45,0,0,66.2,
LlamaIndex,llamaindex-full,2295,5.59,1.6,16.5,2403,3590,1354,722,108,219,2801,484,305,216,212,23,955,351,242,340,11,148,142,90,1,1,1,0,0,100.0,
OntoGPT,ontogpt-full,2728,1.92,0.39,11.7,1665,2544,1306,95,53,211,2231,73,240,216,213,60,955,826,618,770,56,148,139,90,82,303,82,0,0,27.1,
