,core,+bindings,+guidance,+validation,+identity (full),+current_team,Neo4j-GraphRAG,LlamaIndex,OntoGPT
calls,"4,011 [4,000-4,021]","4,352 [4,348-4,354]","4,442 [4,432-4,450]","4,444 [4,439-4,449]","4,443 [4,438-4,447]","4,447 [4,445-4,448]","2,044","2,295","2,728"
input_M,6.82 [6.80-6.83],5.88 [5.88-5.89],6.45 [6.44-6.46],6.50 [6.49-6.51],6.50 [6.50-6.51],6.37,6.08,5.59,1.92
output_M,2.44 [2.43-2.46],1.02,1.08 [1.07-1.08],1.10,1.10,1.11,1.37,1.60,0.39
wall_min,30.20 [30.10-30.40],17.23 [16.80-17.60],18.55 [17.80-19.30],18.30 [18.20-18.40],18.15 [18.00-18.30],18.30 [18.20-18.40],27.30,16.50,11.70
nodes,"2,371 [2,344-2,395]","2,240 [2,230-2,254]","2,122 [2,101-2,133]","2,120 [2,103-2,131]","2,129 [2,114-2,137]","2,134 [2,118-2,152]","2,790","2,403","1,665"
edges,"8,919 [8,877-8,944]","6,809 [6,785-6,851]","5,905 [5,868-5,938]","5,149 [5,069-5,243]","3,339 [3,278-3,390]","3,212 [3,161-3,284]","4,784","3,590","2,544"
n_Player,"1,958 [1,945-1,975]","1,813 [1,804-1,823]","1,760 [1,754-1,768]","1,762 [1,756-1,766]","1,759 [1,747-1,768]","1,760 [1,754-1,765]","2,184","1,354","1,306"
n_Team,88 [86-92],121 [113-126],80 [72-95],80 [75-84],81 [79-84],85 [76-94],165,722,95
n_City,65 [60-68],63 [61-65],64 [62-66],64 [62-66],65 [63-66],66 [64-67],84,108,53
n_Owner,259 [252-267],243 [239-248],219 [213-228],214 [202-223],224 [223-227],223 [216-226],357,219,211
e_PlaysFor,"6,235 [6,196-6,292]","5,888 [5,862-5,916]","5,254 [5,211-5,296]","4,505 [4,438-4,578]","3,142 [3,080-3,187]","3,028 [2,978-3,101]","4,303","2,801","2,231"
e_LocatedIn,"2,289 [2,214-2,334]",535 [526-542],424 [417-427],431 [422-447],54 [52-55],56 [55-57],135,484,73
e_Owns,395 [371-414],386 [379-393],228 [215-240],213 [209-218],144 [139-148],128 [128-129],346,305,240
entities_found,205 [205-206],208 [208-209],213 [213-214],214,213 [213-214],214,211,212,213
entities_split,62 [58-68],47 [45-49],9 [8-10],8 [7-8],8 [7-10],8 [7-9],40,23,60
attr_filled,811 [806-817],825 [823-826],887 [879-894],889 [887-892],886 [885-886],892 [888-894],838,351,826
attr_exact,449 [447-453],467 [463-472],861 [853-867],870 [869-871],865 [864-867],871 [866-873],589,242,618
attr_lenient,763 [757-772],801 [800-802],864 [856-871],870 [869-871],865 [864-867],871 [866-873],817,340,770
attr_wrong,47 [45-49],24 [23-24],22 [21-23],19 [18-21],21 [19-22],21 [20-22],21,11,56
rel_found,133 [133-134],136 [135-137],138,136 [134-137],135 [134-136],136 [136-137],141,142,139
current_team_found,18 [17-19],12 [11-13],77 [76-77],78 [77-79],78 [77-79],78 [78-79],45,1,82
current_team_marked,21 [18-25],16 [14-18],145 [139-153],169 [164-171],168 [166-170],135 [134-136],68,1,303
current_team_precision,85.13 [76.00-94.40],75.27 [72.20-78.60],53.10 [49.70-55.40],46.27 [45.00-47.60],46.43 [45.80-47.60],58.17 [58.10-58.20],66.20,100,27.10
current_team_field_found,0,0,0,0,0,77 [77-78],0,0,0
current_team_field_marked,0,0,0,0,0,86 [84-87],0,0,0
current_team_field_precision,–,–,–,–,–,90.30 [89.50-91.70],–,–,–
runs,3,3,3,3,3,3,1,1,1
